id,age,sex,marital,education,comorbidity,income,drug,PASI_0,PASI_6,CRP_0,CRP_6,NLR_0,NLR_6,DLQI_0,DLQI_6,HADSD_0,HADSD_6,HADSA_0,HADSA_6
1,39,2,1,2,0,3,3,32.0,4.0,7.99,2.82,2.49,2.07,26,10,5,6,4,3
2,50,1,1,1,"1, 2, 3",2,2,19.7,1.0,17.1,15.2,1.72,1.84,9,1,3,1,5,4
3,62,1,1,1,2,3,2,13.4,1.0,11.4,8.5,2.0,1.76,13,0,11,3,12,2
4,64,1,3,2,1,1,4,16.2,0.9,0.65,0.41,1.06,1.03,11,6,7,3,7,2
5,68,2,3,1,0,1,1,11.0,0.0,22.0,9.0,3.2,2.2,23,5,15,5,17,4
6,54,1,1,3,0,3,2,13.1,2.0,22.4,5.4,3.71,2.5,13,1,9,3,6,2
7,42,2,1,1,0,2,2,14.0,0.0,1.87,2.95,4.005,1.09,13,1,2,1,9,7
8,45,1,1,4,0,3,1,12.3,1.7,3.02,1.27,2.08,1.04,6,4,4,3,4,4
9,72,2,1,2,1,2,4,19.4,0.0,1.9,3.2,2.52,3.5,16,0,7,1,10,1
10,62,1,1,1,0,2,2,18.4,0.0,3.5,2.2,1.86,1.81,18,6,8,2,9,2
11,33,2,1,3,0,3,1,14.0,2.9,2.82,3.19,4.757,2.27,3,2,4,2,1,1
12,19,2,2,2,0,2,3,18.0,1.0,8.4,4.6,3.38,3.81,8,2,0,0,2,0
13,30,1,1,1,0,2,,9.0,0.5,0.49,0.3,2.003,1.76,4,2,6,2,4,3
14,39,1,2,4,0,3,2,13.0,3.0,12.0,1.8,2.3,1.7,13,3,14,7,14,5
15,40,1,1,1,10,2,1,15.9,0.0,2.8,2.9,2.53,3.52,13,0,7,1,4,1
16,56,2,1,3,9,3,2,11.3,0.0,1.1,1.3,2.07,1.93,12,1,8,2,12,2
17,38,2,2,4,0,3,4,12.0,0.0,14.0,1.9,2.1,1.8,12,5,12,7,15,6
18,46,2,1,4,2,2,3,23.3,1.5,4.42,3.7,2.45,1.84,4,2,0,1,0,0
19,42,1,1,3,0,3,2,9.0,0.0,1.55,5.54,2.35,1.79,5,0,5,4,4,1
20,51,2,1,3,0,2,2,16.0,2.0,1.71,0.88,4.005,2.04,24,1,10,6,13,3
21,38,1,2,1,0,2,3,4.0,2.0,0.3,0.58,3.26,2.8,1,0,17,9,4,3
22,24,2,2,4,0,1,3,6.2,0.2,1.97,1.9,2.81,1.82,19,9,10,5,8,6
23,29,1,1,3,0,1,3,15.0,0.0,2.7,0.5,4.7,5.2,13,4,13,3,10,4
24,21,1,2,4,0,1,1,23.1,0.0,10.1,6.5,2.83,2.27,19,13,9,7,11,7
25,42,2,1,3,1,2,3,26.4,2.5,2.63,0.9,4.65,1.67,12,8,9,5,9,6
26,43,1,1,1,0,2,3,13.5,0.0,11.2,13.8,1.78,1.73,9,0,1,1,6,3
27,27,1,2,4,4,1,3,7.2,2.0,0.5,0.3,0.895,1.4,4,1,2,3,2,1
28,31,2,2,4,0,3,4,15.0,0.0,0.3,0.6,2.66,2.44,16,0,11,5,6,4
29,50,1,1,4,0,1,3,12.6,1.0,0.79,3.36,0.63,1.456,17,2,3,4,6,4
30,27,1,2,4,0,3,4,3.0,0.0,1.27,2.5,3.0,1.8,5,2,10,6,7,6
31,49,1,2,1,10,3,1,13.8,0.9,1.19,5.2,3.06,3.05,9,2,6,1,6,1
32,29,2,1,2,0,3,3,13.0,0.0,15.0,2.4,1.8,1.2,18,6,6,4,17,7
33,48,1,1,3,0,3,2,16.5,0.0,1.33,1.03,2.0,2.0,10,1,7,1,7,1
34,29,2,2,4,0,3,4,4.0,0.0,0.97,0.9,2.42,2.74,12,4,4,2,4,3
35,43,1,2,4,8,3,2,23.0,3.0,2.9,1.61,2.62,2.598,11,0,4,1,7,3
36,71,2,1,1,1,3,4,12.1,6.8,16.5,23.4,4.75,3.06,11,1,5,2,6,2
37,45,1,1,1,5,1,2,19.2,0.0,1.76,2.55,2.356,2.04,9,6,1,0,4,0
38,35,2,1,3,0,3,3,25.0,0.0,0.5,5.62,0.63,2.04,13,0,6,3,4,3
39,44,2,1,3,0,2,1,5.4,0.0,0.52,0.72,2.184,2.598,18,4,15,9,3,2
40,29,2,2,4,0,3,3,5.0,1.0,0.86,0.8,1.79,2.0,15,5,2,2,0,0
41,49,2,1,2,"1, 2",2,4,15.9,1.0,4.7,4.0,2.0,2.17,3,1,9,6,15,9
42,56,1,1,3,1,2,4,11.6,0.0,2.4,1.4,2.1,1.5,20,3,9,1,14,1
43,39,1,1,1,0,2,2,22.0,2.0,0.4,0.5,3.31,3.35,18,1,13,4,9,1
44,26,2,1,2,0,3,3,6.0,2.0,2.95,9.0,3.56,2.97,4,2,10,6,8,6
45,64,2,1,1,0,2,4,10.0,0.0,7.0,0.4,2.4,2.3,9,6,4,3,5,5
46,39,1,1,4,0,2,4,13.8,1.7,2.1,0.92,3.7,3.51,10,6,7,4,6,3
47,24,1,1,2,0,1,2,8.3,3.0,1.5,0.84,2.62,2.598,25,1,15,3,13,8
48,67,2,1,3,3,2,1,2.0,0.0,11.7,6.49,3.69,2.27,1,1,10,11,2,3
49,40,2,1,1,0,2,2,14.0,0.5,0.95,1.61,10.7,2.598,9,1,11,8,8,7
50,34,2,1,4,0,3,1,10.3,0.4,1.92,1.73,2.25,2.8,3,2,1,0,1,0
51,52,1,1,1,"1, 9",2,1,13.4,0.0,6.0,5.0,2.07,1.6,19,7,17,8,14,3
52,27,2,2,4,0,3,3,7.2,2.0,2.9,0.3,4.757,1.4,15,1,15,3,6,1
53,25,1,2,4,14,3,4,10.1,1.0,8.7,1.5,1.0,1.57,10,2,4,1,8,4
54,55,1,1,3,0,3,1,10.7,2.4,0.4,1.5,2.25,1.36,19,4,14,7,10,7
55,39,2,1,4,0,3,4,11.6,0.0,1.3,1.2,1.14,1.24,9,0,6,1,7,1
56,60,1,1,2,0,1,2,11.8,1.7,0.37,0.5,2.69,3.86,11,7,8,6,8,4
57,40,2,1,4,"1, 2",2,4,11.3,1.0,1.8,2.5,1.45,1.65,13,1,5,1,5,2
58,37,1,1,3,6,3,2,9.7,0.0,3.1,3.5,4.41,3.18,10,1,9,6,7,3
59,30,2,2,4,0,3,3,8.0,0.0,12.0,3.5,2.75,2.4,23,3,13,5,15,3
60,36,1,2,2,10,2,1,7.6,1.0,0.8,0.4,1.95,1.89,21,4,17,3,17,1
61,21,1,2,4,10,1,1,6.4,1.8,1.5,1.2,1.0,2.47,17,3,12,8,9,6
62,46,2,1,2,0,1,3,5.0,0.5,2.01,5.62,1.288,3.82,10,0,2,0,4,2
63,42,2,1,4,0,2,1,20.0,0.5,0.41,0.84,3.191,2.08,22,3,12,3,4,6
64,28,1,2,4,0,3,1,29.0,0.0,1.71,2.55,4.757,1.09,25,4,3,8,7,1
65,19,2,1,2,0,1,3,26.0,0.0,2.6,0.72,1.766,4.276,9,4,10,3,2,8
66,19,1,2,3,0,1,1,11.7,0.0,0.1,0.1,1.2,1.83,11,1,7,3,5,1
67,25,1,2,1,0,2,3,29.0,0.0,4.55,5.62,4.005,1.456,13,4,12,5,17,4
68,43,2,1,1,0,3,2,29.0,1.0,8.74,2.95,1.766,2.598,18,0,17,0,9,3
69,43,1,1,1,10,1,3,13.5,3.9,3.0,2.8,1.32,2.05,23,9,17,6,18,3
70,23,2,2,4,0,3,1,22.5,0.0,0.6,0.6,2.14,1.63,15,1,12,4,10,4
71,31,2,1,2,0,1,2,11.8,2.0,1.41,6.4,2.66,2.44,7,2,3,2,3,2
72,25,2,2,1,0,2,2,14.0,0.0,2.6,1.61,2.62,4.276,7,5,6,1,5,2
73,49,1,1,1,0,1,3,16.0,0.0,12.0,2.0,0.7,1.2,18,7,12,4,18,2
74,52,1,1,1,"9, 12",3,1,10.5,2.0,4.8,1.7,1.6,2.23,16,0,8,1,18,5
75,26,2,1,3,0,2,3,16.0,1.0,4.17,1.61,3.115,2.67,23,6,10,5,18,7
76,40,2,1,3,0,2,2,16.5,0.9,1.7,4.2,1.87,3.44,8,4,5,2,5,2
77,34,2,1,4,0,3,4,5.7,0.0,1.09,1.8,3.635,1.96,20,5,9,5,8,6
78,26,2,1,3,0,2,1,17.0,1.0,1.43,2.95,3.191,2.08,7,5,9,4,12,6
79,58,1,1,1,0,1,2,17.0,0.0,4.17,1.61,0.63,1.09,9,5,3,0,6,3
80,73,2,1,1,1,1,3,17.8,0.0,4.5,2.0,2.38,1.72,12,0,5,2,3,1
81,77,1,1,1,"1, 2, 3",2,4,3.0,0.0,9.27,4.58,2.38,1.44,10,8,8,8,8,12
82,34,2,2,3,0,2,2,6.0,0.0,2.28,1.51,0.76,1.456,19,4,9,9,8,8
83,28,1,2,1,6,1,4,15.0,1.0,9.0,2.8,2.1,2.4,17,10,10,6,15,7
84,34,2,1,4,0,3,3,18.5,0.5,2.28,1.51,0.63,1.456,19,4,9,7,8,8
85,36,2,1,3,0,2,3,5.0,0.5,0.5,0.72,2.256,1.5,5,0,6,3,4,2
86,57,2,1,2,2,2,4,31.0,2.0,1.5,0.74,3.06,1.54,18,12,2,3,4,5
87,37,2,2,4,0,3,2,25.0,0.5,1.5,2.95,0.63,1.456,18,0,8,1,10,6
88,41,2,1,3,0,2,4,5.0,0.0,1.5,1.1,2.251,2.06,18,8,8,4,10,3
89,43,1,1,1,0,2,3,6.0,1.0,1.56,1.5,4.58,2.5,3,1,16,13,10,7
90,49,2,1,2,0,3,4,14.9,0.0,10.0,0.7,2.08,2.0,13,2,5,3,7,4
91,34,2,3,4,0,3,4,13.8,0.4,6.5,2.2,2.27,1.95,5,2,3,2,4,1
92,26,2,1,3,0,2,1,20.0,1.0,4.17,1.61,3.115,2.67,23,6,10,5,18,7
93,55,2,1,3,0,1,4,5.4,1.5,1.87,1.49,2.11,1.97,3,3,7,5,9,5
94,41,2,2,1,0,3,2,22.0,1.0,0.58,1.51,2.636,1.09,9,1,7,3,8,8
95,43,2,1,2,0,2,4,16.7,0.0,3.54,3.07,2.6,2.04,11,1,7,1,7,1
96,42,2,1,2,0,2,3,9.6,8.4,3.0,3.5,2.15,2.2,13,2,11,3,13,3
97,56,1,1,1,0,1,3,30.0,0.0,35.0,12.0,8.0,1.1,17,3,17,4,15,5
98,42,2,1,2,0,3,1,16.0,0.0,2.6,2.55,2.11,1.456,7,1,10,4,1,6
99,20,1,2,3,0,1,3,10.2,0.0,3.8,2.4,3.17,2.23,10,3,7,4,10,6
100,67,1,1,1,0,1,1,15.0,3.0,2.1,0.8,2.7,3.8,21,7,13,6,17,8
101,44,1,1,1,0,1,1,13.2,1.0,2.7,2.2,2.04,1.85,7,0,4,0,4,1
102,21,2,2,3,0,1,3,13.2,0.0,2.0,1.7,2.45,2.9,17,5,11,7,13,6
103,23,1,2,4,0,2,3,6.5,2.1,0.67,0.48,3.33,3.07,11,8,7,6,8,6
104,38,1,1,1,0,1,4,2.1,0.0,14.0,0.7,1.5,1.6,13,5,6,5,8,5
105,52,1,1,2,0,1,2,24.0,0.0,2.01,4.44,4.005,2.598,7,2,8,4,7,6
106,58,1,1,1,1,1,4,7.0,0.0,11.4,5.02,1.15,1.29,6,1,2,1,2,2
107,76,1,3,1,"1, 2, 3",1,4,12.0,0.5,6.52,3.8,2.488,1.87,9,4,4,3,7,1
108,38,1,1,1,0,1,2,25.4,1.0,7.02,2.55,2.34,2.04,25,6,3,3,7,1
109,38,1,1,3,2,3,2,15.2,1.7,3.1,1.5,2.0,2.64,6,1,13,9,16,8
110,43,1,1,4,0,2,2,16.2,0.0,0.38,0.38,1.52,2.26,9,1,6,0,7,1
111,59,1,1,2,0,2,2,12.3,2.1,3.14,2.89,1.68,1.77,10,6,7,5,8,4
112,55,2,1,1,10,2,1,24.3,2.4,0.7,0.2,2.2,2.36,24,5,11,2,18,3
113,32,2,1,4,0,3,3,32.0,0.0,15.0,1.5,1.2,1.1,21,3,17,2,15,5
114,42,2,1,2,0,2,1,16.0,1.0,1.0,0.88,3.191,2.08,15,2,3,0,4,7
115,60,1,3,1,2,1,2,16.0,0.0,0.3,1.51,2.34,4.276,7,0,7,7,7,4
116,42,2,1,3,0,1,2,20.0,0.0,0.41,0.9,2.184,1.38,22,2,4,1,4,1
117,41,1,2,2,0,1,3,26.6,0.0,2.28,1.51,3.191,2.04,5,3,12,6,8,2
118,43,2,1,4,0,3,4,13.8,0.4,1.37,0.6,2.57,2.04,6,4,3,2,3,2
119,24,1,2,3,0,2,3,8.3,0.0,0.79,0.84,2.711,2.598,25,10,15,13,13,10
120,31,2,1,1,0,3,2,12.0,0.0,0.58,1.61,2.62,2.08,18,1,11,5,7,1
121,50,1,1,4,0,3,2,12.4,0.0,1.8,1.1,1.26,2.0,21,4,15,10,12,10
122,35,1,1,2,0,1,1,12.3,0.0,6.87,1.59,2.14,1.28,9,2,5,2,5,1
123,24,1,1,4,0,2,2,12.0,1.0,6.52,4.44,1.766,4.276,9,4,4,3,7,1
124,32,2,1,3,0,2,4,16.5,0.0,0.73,1.21,1.73,1.56,7,2,4,2,3,1
125,42,1,1,2,0,3,3,12.6,0.0,4.5,3.3,1.73,1.29,20,4,13,5,10,4
126,45,2,1,1,0,2,2,27.2,1.0,5.4,0.7,4.1,1.58,13,5,11,3,10,1
127,50,1,2,4,7,3,3,6.6,1.0,0.79,5.5,1.312,1.111,17,2,6,4,6,4
128,25,1,2,4,0,3,4,7.0,2.0,8.2,3.2,1.8,1.6,20,5,16,6,14,5
129,50,2,1,3,0,2,3,13.0,0.0,5.0,3.0,2.9,3.03,17,7,15,7,18,9
130,30,1,1,3,0,3,1,10.8,0.0,0.5,0.9,2.0,1.25,17,3,10,4,8,5
131,35,2,1,3,0,2,2,13.1,0.0,4.0,4.8,2.33,2.9,12,2,5,1,3,0
132,38,1,3,1,0,1,1,23.2,0.0,0.3,2.55,2.62,2.598,11,0,17,9,4,3
133,21,2,2,3,0,3,3,12.3,0.9,20.75,3.27,3.38,1.85,6,1,3,1,3,1
134,49,1,1,1,"6, 9",1,2,5.4,2.4,7.02,11.0,2.34,1.28,14,10,3,3,7,6
135,41,2,1,1,0,3,1,29.0,0.0,2.9,1.51,2.34,2.598,25,3,15,1,7,7
136,33,2,1,2,0,3,3,14.0,3.0,2.82,0.88,4.757,2.08,9,5,4,7,11,7
137,38,1,1,3,0,1,1,26.0,0.0,2.9,5.62,2.287,2.08,15,1,4,3,3,1
138,54,1,1,1,0,1,4,23.0,0.0,16.0,0.8,3.1,2.2,17,5,10,5,12,7
139,64,1,1,1,0,1,2,18.3,0.0,13.8,13.66,2.07,2.43,15,6,8,4,9,3
140,21,1,2,3,0,1,2,2.0,0.0,0.58,0.86,2.636,3.37,9,7,7,8,8,7
141,21,1,1,2,0,1,1,18.7,1.4,2.3,3.2,3.35,4.45,20,7,16,9,9,6
142,59,1,1,1,"2, 4",1,3,15.0,0.0,41.0,16.0,3.0,2.3,20,4,15,2,20,3
143,19,2,2,4,0,1,4,10.3,8.6,1.1,20.5,1.76,3.93,11,1,5,1,10,3
144,67,2,1,3,"1, 2",1,4,10.8,2.0,0.7,0.9,2.28,3.07,9,0,2,2,4,3
145,44,2,1,4,0,3,4,10.3,0.0,0.54,0.89,2.86,2.26,7,1,5,1,4,0
146,39,2,1,3,0,3,2,17.2,0.0,3.6,2.8,1.4,1.0,13,1,11,8,8,9
147,57,1,1,2,0,1,4,21.3,0.0,0.85,1.27,1.11,1.58,15,5,8,5,8,7
148,38,2,1,3,0,2,2,20.0,0.0,1.43,2.95,1.766,1.456,12,1,6,3,8,7
149,60,1,1,1,0,2,4,9.0,1.5,0.53,0.5,2.96,1.83,10,10,5,4,4,4
150,37,1,2,4,0,2,1,6.5,0.4,1.8,1.0,2.5,2.3,11,10,8,6,8,7
151,40,1,1,2,10,2,1,10.3,0.0,0.5,1.0,2.17,3.2,19,6,10,5,12,3
152,38,1,1,3,0,1,1,12.0,0.0,1.87,0.88,1.312,4.276,12,6,17,3,3,3
153,24,2,2,3,0,1,3,28.0,1.0,0.79,0.72,2.251,1.456,4,0,8,3,12,6
154,58,2,3,3,0,2,3,26.0,1.5,2.6,2.87,3.191,3.14,9,4,6,2,2,2
155,43,2,1,3,0,3,1,10.1,0.0,0.4,0.2,1.5,1.2,12,0,7,5,4,4
156,32,1,1,3,0,2,3,12.4,0.0,1.4,2.4,2.92,2.0,15,2,8,3,11,3
157,33,1,1,2,0,1,4,12.3,0.9,1.4,5.8,1.91,2.3,10,6,7,4,7,5
158,35,2,2,3,7,2,3,12.0,0.0,17.0,0.4,2.5,2.5,25,7,15,7,12,5
159,56,2,1,2,0,2,4,10.5,1.0,5.1,2.2,1.45,1.52,15,4,9,1,17,5
160,38,2,1,3,0,3,2,25.9,1.0,1.5,2.0,1.69,1.2,8,0,4,0,3,0
161,22,1,2,3,0,1,1,11.7,0.0,4.0,2.6,1.2,1.55,9,1,7,1,6,1
162,22,1,1,1,0,1,4,12.3,0.0,2.4,1.3,1.2,1.52,11,1,8,1,7,2
163,18,1,2,3,0,1,1,10.2,0.0,0.3,0.4,2.0,1.51,14,6,5,1,3,2
164,42,1,2,2,0,1,3,25.0,0.5,1.12,4.44,2.62,1.09,7,3,15,6,3,0
165,23,1,2,3,0,1,4,10.8,0.0,0.8,1.0,1.13,2.1,2,0,3,1,1,1
166,45,1,1,2,9,3,3,16.3,0.0,1.3,3.8,2.0,1.37,19,0,15,6,12,7
167,50,2,1,3,0,2,4,13.8,1.7,6.2,9.2,1.3,1.4,10,7,7,4,6,5
168,35,1,1,1,1,1,3,27.0,3.0,9.0,1.8,2.3,1.9,20,7,12,3,20,2
169,36,1,1,1,0,2,4,11.6,0.0,0.5,0.2,2.05,1.4,12,3,6,1,3,1
170,45,2,1,1,1,2,3,29.0,2.0,0.49,0.72,2.003,4.276,4,3,6,4,4,8
171,19,1,2,4,0,1,2,25.7,0.5,0.52,0.88,4.757,2.04,9,1,1,4,8,8
172,47,2,1,3,0,2,3,10.3,0.0,0.5,1.0,1.76,2.0,22,11,17,10,16,8
173,67,1,1,1,0,1,4,13.2,1.0,2.29,3.77,1.55,1.69,8,5,9,6,10,6
174,53,2,1,3,10,3,4,19.8,0.0,9.1,6.8,2.6,3.05,15,5,11,8,8,4
175,27,1,1,2,0,1,4,6.7,1.0,0.9,0.5,1.23,0.68,18,10,9,6,17,11
176,57,2,3,3,0,2,2,18.3,0.0,1.32,1.37,2.0,1.66,10,2,7,1,8,1
177,18,1,1,1,0,1,1,0.6,0.0,0.58,3.36,1.766,4.276,7,3,6,8,9,7
178,47,2,1,4,0,3,1,16.5,1.7,1.86,2.57,2.36,4.5,6,2,2,1,2,0
179,63,1,1,1,0,3,4,21.4,1.0,2.3,1.9,1.34,1.0,21,3,8,2,10,1
180,42,1,1,3,"2, 8",2,2,12.4,0.0,47.0,27.1,1.75,1.71,7,2,8,1,8,0
181,21,1,2,4,0,1,4,13.2,0.0,1.9,0.5,4.26,2.76,16,2,14,4,12,2
182,40,1,2,3,0,4,4,10.0,2.0,4.24,2.67,1.63,0.83,20,8,12,9,15,10
183,55,1,3,3,0,2,2,18.0,2.0,1.87,1.51,2.34,1.09,13,3,17,1,9,0
184,45,1,1,1,0,1,3,19.2,0.0,2.6,2.55,4.005,2.04,14,5,9,0,8,0
185,43,1,2,4,8,3,3,2.0,0.0,2.9,3.23,1.766,1.84,1,0,3,1,7,6
186,47,2,2,4,0,3,3,9.2,0.0,1.8,0.8,1.83,1.52,12,2,11,7,10,9
187,51,2,1,3,0,1,1,4.0,1.0,1.71,0.88,2.6,1.98,24,10,10,5,4,3
188,33,1,2,4,0,3,4,12.8,1.0,4.2,5.2,3.84,1.92,6,1,7,2,4,0
189,42,2,1,3,0,3,2,19.7,0.0,0.3,0.4,2.47,2.5,10,0,9,2,7,2
190,49,1,1,1,0,2,4,11.9,1.9,14.8,10.1,4.41,2.47,19,11,11,8,12,8
191,37,2,1,4,0,3,2,3.6,2.0,1.0,4.44,2.34,1.09,13,1,2,1,9,3
192,35,2,2,3,0,1,3,18.3,0.9,4.75,4.19,3.0,1.46,4,2,1,1,1,1
193,52,2,1,4,0,3,1,22.0,0.0,19.0,8.0,2.5,2.3,17,6,13,3,12,3
194,46,2,2,2,0,1,1,12.0,3.0,2.01,5.62,2.34,1.09,10,0,2,0,12,2
195,33,2,1,1,0,1,4,12.3,0.0,30.4,43.3,5.0,3.11,11,3,9,3,9,4
196,46,2,1,4,10,3,1,11.8,0.0,0.6,1.2,1.59,1.36,17,6,8,3,5,3
197,60,2,1,1,0,2,4,10.0,0.0,7.0,0.6,2.4,1.6,13,4,4,2,8,4
198,59,2,1,3,0,2,4,10.3,0.0,0.6,0.3,2.07,2.2,20,7,10,4,15,3
199,26,2,2,3,0,3,3,18.0,3.0,1.43,2.95,2.754,2.08,7,2,9,6,12,11
200,67,1,2,1,0,1,4,12.1,0.5,2.72,1.7,2.75,1.69,0,2,6,4,8,4
201,25,1,2,3,0,1,4,4.0,0.5,1.04,0.3,2.73,1.99,10,5,10,6,12,6
202,60,2,1,1,"1, 2, 9",1,3,10.4,2.4,4.5,0.7,1.59,1.69,19,2,13,9,11,7
203,67,2,1,1,0,2,2,17.0,0.0,15.0,5.0,4.01,4.8,15,5,17,8,14,8
204,40,1,1,1,10,1,2,6.5,0.0,0.7,0.6,2.12,2.29,11,2,8,1,3,2
205,42,1,1,3,"3, 6",1,4,13.0,1.0,10.0,3.0,3.25,2.4,9,3,4,2,8,4
206,19,2,2,4,0,1,1,29.0,0.0,2.28,0.72,1.766,2.08,14,4,9,0,4,3
207,56,1,1,1,6,1,4,11.6,2.0,11.0,4.5,2.1,1.6,13,4,12,4,13,8
208,53,1,1,1,"4, 10",2,1,7.5,0.0,1.1,0.4,8.0,0.93,24,8,9,8,17,15
209,39,1,1,1,0,1,1,9.1,0.0,0.88,0.84,2.42,3.0,3,2,4,2,4,2
210,45,2,1,2,0,3,2,19.0,2.0,10.0,5.0,3.2,2.2,18,7,12,5,16,5
211,48,2,1,1,0,2,2,9.3,2.0,3.2,7.0,1.78,1.73,11,0,8,1,9,1
212,60,1,1,4,"1, 2, 6",3,1,0.6,2.0,2.8,3.36,5.62,4.276,7,3,6,8,9,9
213,76,2,1,3,2,1,4,7.0,0.0,0.52,2.48,2.287,5.7,4,3,3,3,5,5
214,40,1,1,2,0,1,3,9.1,0.0,0.66,0.78,1.64,1.33333333333333,7,4,6,2,6,2
215,36,2,1,4,0,3,3,15.0,0.0,8.0,2.0,2.8,1.4,15,5,13,2,14,3
216,67,2,1,2,0,1,4,5.0,0.0,1.12,0.99,2.62,2.17,2,1,15,7,3,1
217,23,2,2,4,0,3,2,5.0,2.0,0.4,0.6,2.05,1.64,14,7,8,5,14,11
218,32,1,2,3,0,1,3,24.0,0.5,6.52,1.51,3.191,4.276,12,4,4,9,4,8
219,26,2,1,4,0,3,3,16.7,0.0,0.71,0.4,2.52,2.93,4,3,4,3,4,2
220,32,2,1,3,0,2,4,14.3,1.4,0.9,2.4,1.93,1.87,11,2,6,3,4,0
221,54,1,3,1,0,1,1,23.0,0.5,0.41,1.61,0.63,2.08,5,2,10,3,7,7
222,37,2,1,4,0,3,3,3.6,0.0,0.9,4.44,1.391,1.09,13,0,2,0,6,2
223,36,2,1,4,0,2,2,24.0,0.5,0.5,0.72,4.757,1.5,5,0,6,3,13,2
224,27,1,1,2,0,2,2,11.2,1.0,7.9,8.8,2.05,5.5,6,1,1,0,2,0
225,22,1,2,3,0,1,1,20.7,2.0,0.7,0.8,2.73,1.72,23,3,14,3,4,1
226,30,2,2,3,0,2,3,15.0,3.0,0.6,0.6,2.21,1.49,12,7,2,2,6,4
227,71,1,1,1,"1, 2",1,4,12.0,2.0,7.0,1.8,5.3,3.05,15,3,8,4,9,3
228,76,1,1,2,2,1,2,15.0,0.5,0.52,2.95,4.005,2.04,14,3,15,1,5,1
229,24,1,2,3,0,2,2,25.4,0.0,4.17,0.88,3.191,1.456,9,6,9,1,4,2
230,26,2,2,4,0,3,3,13.6,0.0,0.3,1.2,2.88,1.66,14,3,10,7,7,6
231,46,2,1,2,"3, 9",2,4,8.0,0.0,2.9,1.3,2.31,1.33,10,9,3,1,4,1
232,32,1,1,2,0,2,2,8.0,0.0,5.7,3.71,3.33,1.21,10,2,9,1,6,1
233,48,2,1,1,0,2,1,21.4,3.8,2.9,2.9,1.52,1.18,19,3,15,10,10,5
234,48,2,1,4,0,3,4,14.0,0.0,10.0,0.6,2.2,2.08,13,6,12,5,15,7
235,40,2,1,3,0,2,4,14.0,1.0,0.95,0.7,10.7,6.4,9,4,11,5,8,3
